{"schemaVersion":"1.0","appDefinitionTemplate":{"id":"/providers/Microsoft.PowerApps/apps/","type":"Microsoft.PowerApps/apps","tags":{"primaryDeviceWidth":"640","primaryDeviceHeight":"1136","sienaVersion":"ce551619-a264-4535-99f4-ee76f9024745","deviceCapabilities":"","supportsPortrait":"true","supportsLandscape":"false","primaryFormFactor":"Phone","publisherVersion":"3.20093.27","minimumRequiredApiVersion":"2.2.0","hasComponent":"true","hasUnlockedComponent":"true","isUnifiedRootApp":"false"},"properties":{"appVersion":"2020-10-09T00:46:29Z","lifeCycleId":"Published","createdByClientVersion":{"major":3,"minor":20093,"build":27,"revision":0,"majorRevision":0,"minorRevision":0},"minClientVersion":{"major":3,"minor":20093,"build":27,"revision":0,"majorRevision":0,"minorRevision":0},"backgroundColor":"rgba(0, 134, 208, 1)","backgroundImageUri":"/12010444473052839087/N93056dbf-7ab9-4728-88f0-6af05bd73630-logoSmallFile","displayName":"ICT Desk Booking App","description":"ICT's Desk Booking App for booking desks on Level 4, Sherfield Building, South Kensington Campus ","commitMessage":"Updated info and icon","appUris":{"documentUri":{"value":"/12010444473052839087/Nd79cc2a1-0c87-4277-9349-71385731eecc-document.msapp"},"imageUris":[]},"createdTime":"0001-01-01T00:00:00Z","lastModifiedTime":"0001-01-01T00:00:00Z","sharedGroupsCount":0,"sharedUsersCount":0,"icons":{"smallIconUri":"/12010444473052839087/Naef8a4b7-0261-4418-841d-13512fbc43b1-small.png","mediumIconUri":"/12010444473052839087/N5fd7b6e5-1d5f-4435-9cc4-b9a58596d150-medium.png","largeIconUri":"/12010444473052839087/N99f318b9-8f41-4f52-95f4-7eb6e4525c6e-large.png","wideIconUri":"/12010444473052839087/Nea3eca68-9013-43d5-bc79-cacbb323d686-wide.png"},"connectionReferences":{"64852b16-4509-4d34-be4c-adfa1f496b3a":{"id":"f7236eb6-0dd3-41bf-8d84-ff39aa078262","displayName":"Office 365 Users","iconUri":"https://connectoricons-prod.azureedge.net/releases/v1.0.1402/1.0.1402.2163/office365users/icon.png","dataSources":["Office365Users"],"dependencies":[],"dependents":[],"parameterHints":{},"isOnPremiseConnection":false,"bypassConsent":false,"dataSets":{},"apiTier":"Standard","isCustomApiConnection":false},"21474a60-2710-42be-a5b8-d0cf4b820010":{"id":"af6fa7b8-79fd-40a2-807f-ba0ed57e76cb","displayName":"SharePoint","iconUri":"https://connectoricons-prod.azureedge.net/releases/v1.0.1402/1.0.1402.2163/sharepointonline/icon.png","dataSources":["Desks","Desk Reservations"],"dependencies":[],"dependents":[],"parameterHints":{},"isOnPremiseConnection":false,"bypassConsent":false,"dataSets":{"https://imperiallondon.sharepoint.com/sites/ICTDeskReservations":{"dataSources":{"Desks":{"tableName":"0a90b7c2-43f9-46ad-bf43-f2f3e48dc2aa"},"Desk Reservations":{"tableName":"e46b43cf-cac8-4caf-8bb1-a07556b87c3c"}}}},"apiTier":"Standard","isCustomApiConnection":false}},"databaseReferences":{},"almMode":"Environment","performanceOptimizationEnabled":true,"canConsumeAppPass":true,"executionRestrictions":{"isTeamsOnly":false,"dataLossPreventionEvaluationResult":{"status":"Compliant","lastEvaluationDate":"2020-10-28T01:50:05.4716023Z","violationDetails":[]}}},"isAppComponentLibrary":false,"appType":"ClassicCanvasApp","appComponents":[]}}