{"name":"38c2d2e2-a2ca-4ac5-ad8f-93747fe68b97","id":"/providers/Microsoft.Flow/flows/38c2d2e2-a2ca-4ac5-ad8f-93747fe68b97","type":"Microsoft.Flow/flows","properties":{"apiId":"/providers/Microsoft.PowerApps/apis/shared_logicflows","displayName":"Insert Desk Data from Excel (on ODfB) to SharePoint List","definition":{"metadata":{"workflowEntityId":null,"flowclientsuspensionreason":"None","flowclientsuspensiontime":null,"creator":{"id":"535da1d1-7c7d-4b37-a836-a26af4a6d75f","type":"User","tenantId":"2b897507-ee8c-4575-830b-4f8267c3d307"},"provisioningMethod":"FromDefinition","failureAlertSubscription":true,"clientLastModifiedTime":"2021-03-31T16:55:55.758566Z"},"$schema":"https://schema.management.azure.com/providers/Microsoft.Logic/schemas/2016-06-01/workflowdefinition.json#","contentVersion":"1.0.0.0","parameters":{"$connections":{"defaultValue":{},"type":"Object"},"$authentication":{"defaultValue":{},"type":"SecureObject"}},"triggers":{"manual":{"type":"Request","kind":"Button","inputs":{"schema":{"type":"object","properties":{},"required":[]}}}},"actions":{"Add_each_row's_data_to_the_Desks_SP_list":{"foreach":"@body('List_the_rows_in_the_desk_data_table_in_a_spreadsheet_in_ODfB')?['value']","actions":{"Create_item":{"runAfter":{},"metadata":{"flowSystemMetadata":{"swaggerOperationId":"PostItem"}},"type":"ApiConnection","inputs":{"host":{"connection":{"name":"@json(decodeBase64(triggerOutputs().headers['X-MS-APIM-Tokens']))['$connections']['shared_sharepointonline']['connectionId']"},"api":{"runtimeUrl":"https://flow-apim-europe-001-francecentral-01.azure-apim.net/apim/sharepointonline"}},"method":"post","path":"/datasets/@{encodeURIComponent(encodeURIComponent('! Insert the address for your SharePoint Site here'))}/tables/@{encodeURIComponent(encodeURIComponent('Pick your Desks List here'))}/items","authentication":{"type":"Raw","value":"@json(decodeBase64(triggerOutputs().headers['X-MS-APIM-Tokens']))['$ConnectionKey']"}}}},"runAfter":{"List_the_rows_in_the_desk_data_table_in_a_spreadsheet_in_ODfB":["Succeeded"]},"type":"Foreach"},"List_the_rows_in_the_desk_data_table_in_a_spreadsheet_in_ODfB":{"runAfter":{},"metadata":{"01S2KUGUGZ6YWFEEVKYVB32VI5QB4HRISQ":"/Work/2020 08 11 - Desk Reservation Power App/Desk Reservation App/Demo Desk Data Import.xlsx","flowSystemMetadata":{"swaggerOperationId":"GetItems"},"01S2KUGUGXS5S2N2ABIZDKPXFHFKGLCVD3":"/Work/2020 10 08 - ICT Desk Reservation App/ICT Desk Reservation App - Desk Data Import 08 10 2020.xlsx","01S2KUGUFGLESIBAS6GBDYJUXRD5IAFFCQ":"/Work/2021 03 02 - Desk Booking App provisioning/Desk Reservation App - Desk Data Import Template.xlsx"},"type":"ApiConnection","inputs":{"host":{"connection":{"name":"@json(decodeBase64(triggerOutputs().headers['X-MS-APIM-Tokens']))['$connections']['shared_excelonlinebusiness']['connectionId']"},"api":{"runtimeUrl":"https://flow-apim-europe-001-northeurope-01.azure-apim.net/apim/excelonlinebusiness"}},"method":"get","path":"/drives/@{encodeURIComponent('Select OneDrive when prompted')}/files/@{encodeURIComponent('Enter your File name here - use the file picker')}/tables/@{encodeURIComponent('Select the table from your excel file')}/items","queries":{"source":"me"},"authentication":{"type":"Raw","value":"@json(decodeBase64(triggerOutputs().headers['X-MS-APIM-Tokens']))['$ConnectionKey']"}}}},"outputs":{},"description":"Copy data from an Excel Online (OneDrive for Business) spreadsheet to a SharePoint list. The Excel Online (ODfB) data must live in a table."},"connectionReferences":{"shared_sharepointonline":{"connectionName":"shared-sharepointonl-a524caca-bd35-45f0-ad8d-4f68b7e54815","source":"Invoker","id":"/providers/Microsoft.PowerApps/apis/shared_sharepointonline","tier":"NotSpecified"},"shared_excelonlinebusiness":{"connectionName":"shared-excelonlinebu-2d1bae4b-163c-4836-983b-a27b4117da20","source":"Invoker","id":"/providers/Microsoft.PowerApps/apis/shared_excelonlinebusiness","tier":"NotSpecified"}},"flowFailureAlertSubscribed":false}}