{"schemaVersion":"1.0","appDefinitionTemplate":{"id":"/providers/Microsoft.PowerApps/apps/","type":"Microsoft.PowerApps/apps","tags":{"minimumRequiredApiVersion":"2.2.0"},"properties":{"appVersion":"2019-06-09T17:15:40Z","lifeCycleId":"Published","createdByClientVersion":{"major":3,"minor":19054,"build":15,"revision":0,"majorRevision":0,"minorRevision":0},"minClientVersion":{"major":3,"minor":19054,"build":15,"revision":0,"majorRevision":0,"minorRevision":0},"backgroundColor":"rgba(0, 176, 240, 1)","backgroundImageUri":"/17447750553170870857/N2496b7fd-39ea-49e7-8f08-c42f50c2a979-logoSmallFile","displayName":"QuickTipsBizAppsSlides","description":"","appUris":{"documentUri":{"value":"/17447750553170870857/N1a50eb6c-d64b-4006-b753-5fdfb5e128b9-document.msapp","readonlyValue":"/17447750553170870857/N1a50eb6c-d64b-4006-b753-5fdfb5e128b9-document.msapp"},"imageUris":[]},"createdTime":"0001-01-01T00:00:00Z","lastModifiedTime":"0001-01-01T00:00:00Z","sharedGroupsCount":0,"sharedUsersCount":0,"icons":{"smallIconUri":"/17447750553170870857/N8695a34d-f609-4385-baa1-1c859568716b-small.png","mediumIconUri":"/17447750553170870857/Ne1211b52-268e-4ebf-9776-0d0f00d61c11-medium.png","largeIconUri":"/17447750553170870857/Nadd46d7c-0fc8-40f8-a3bd-cadb69167f1d-large.png","wideIconUri":"/17447750553170870857/N047ec8f5-7c3b-45e8-8bb4-89306254600e-wide.png"},"connectionReferences":{"c5101b31-42f1-4360-862b-ebf25594b85f":{"id":"52e9e57d-a1a3-4b21-abe1-dc8ad94e776f","displayName":"Logic flows","iconUri":"https://resourcestackdeploy.blob.core.windows.net/scripts/13276078.png","dataSources":["ContestWinner"],"dependencies":["735291b0-b986-4091-bb2e-e7b75c30734b"],"dependents":[],"parameterHints":{"workflowName":{"value":"21575911-5336-43f9-8d52-e442a3f74bd8"},"735291b0-b986-4091-bb2e-e7b75c30734b":{"value":"shared_sharepointonline"}},"isOnPremiseConnection":false,"bypassConsent":false,"dataSets":{},"apiTier":"Standard","isCustomApiConnection":false},"735291b0-b986-4091-bb2e-e7b75c30734b":{"id":"c9433507-e0a9-4ec3-9840-1dffe871d960","displayName":"SharePoint","iconUri":"https://cpgeneralstore.blob.core.windows.net/officialicons/sharepointonline/icon_1.0.1202.1553.png","dataSources":[],"dependencies":[],"dependents":["c5101b31-42f1-4360-862b-ebf25594b85f"],"parameterHints":{},"isOnPremiseConnection":false,"bypassConsent":false,"dataSets":{},"apiTier":"Standard","isCustomApiConnection":false}},"almMode":"Environment"}}}