{"name":"5359cbe7-2655-4ff1-bee4-f58ed0c985ea","id":"/providers/Microsoft.Flow/flows/5359cbe7-2655-4ff1-bee4-f58ed0c985ea","type":"Microsoft.Flow/flows","properties":{"apiId":"/providers/Microsoft.PowerApps/apis/shared_logicflows","displayName":"Desk Reservation Provisioner","definition":{"metadata":{"workflowEntityId":null,"flowclientsuspensionreason":"NeverTriggeringDetected","flowclientsuspensiontime":"2021-03-31T16:45:13.4315802Z","creator":{"id":"535da1d1-7c7d-4b37-a836-a26af4a6d75f","type":"User","tenantId":"2b897507-ee8c-4575-830b-4f8267c3d307"},"provisioningMethod":"FromDefinition","failureAlertSubscription":true,"clientLastModifiedTime":"2021-03-31T16:45:13.4315802Z"},"$schema":"https://schema.management.azure.com/providers/Microsoft.Logic/schemas/2016-06-01/workflowdefinition.json#","contentVersion":"1.0.0.0","parameters":{"$connections":{"defaultValue":{},"type":"Object"},"$authentication":{"defaultValue":{},"type":"SecureObject"}},"triggers":{"manual":{"type":"Request","kind":"Button","inputs":{"schema":{"type":"object","properties":{},"required":[]}}}},"actions":{"!_Enter_URL_of_SP_Site_to_Deploy_to_Here":{"runAfter":{},"type":"InitializeVariable","inputs":{"variables":[{"name":"varSitePrefix","type":"string","value":"! Enter URL of SP Site to Deploy to here"}]},"description":"Put the fully qualified URL of the SP Site to deploy the list to in the Value field"},"Initialize_array_to_add_above_fields_in_the_default_view":{"runAfter":{"MapLink":["Succeeded"]},"type":"InitializeVariable","inputs":{"variables":[{"name":"DesksFieldNames","type":"array","value":["Active","Description"]}]}},"Add_created_fields_to_the_default_view":{"foreach":"@variables('DesksFieldNames')","actions":{"Add_a_field_to_the_default_view":{"runAfter":{},"metadata":{"flowSystemMetadata":{"swaggerOperationId":"HttpRequest"}},"type":"ApiConnection","inputs":{"host":{"connection":{"name":"@json(decodeBase64(triggerOutputs().headers['X-MS-APIM-Tokens']))['$connections']['shared_sharepointonline']['connectionId']"},"api":{"runtimeUrl":"https://flow-apim-europe-001-francecentral-01.azure-apim.net/apim/sharepointonline"}},"method":"post","body":{"method":"POST","uri":"_api/web/Lists/getByTitle('Desks')/views/GetByTitle('All%20Items')/ViewFields/AddViewField('@{items('Add_created_fields_to_the_default_view')}')"},"path":"/datasets/@{encodeURIComponent(encodeURIComponent(variables('varSitePrefix')))}/httprequest","authentication":{"type":"Raw","value":"@json(decodeBase64(triggerOutputs().headers['X-MS-APIM-Tokens']))['$ConnectionKey']"}}}},"runAfter":{"Initialize_array_to_add_above_fields_in_the_default_view":["Succeeded"]},"type":"Foreach"},"Create_Desks_List":{"runAfter":{"!_Enter_URL_of_SP_Site_to_Deploy_to_Here":["Succeeded"]},"metadata":{"flowSystemMetadata":{"swaggerOperationId":"HttpRequest"}},"type":"ApiConnection","inputs":{"host":{"connection":{"name":"@json(decodeBase64(triggerOutputs().headers['X-MS-APIM-Tokens']))['$connections']['shared_sharepointonline']['connectionId']"},"api":{"runtimeUrl":"https://flow-apim-europe-001-francecentral-01.azure-apim.net/apim/sharepointonline"}},"method":"post","body":{"method":"POST","uri":"/_api/web/lists","headers":{"Accept":"application/json;odata=verbose","Content-Type":"application/json;odata=verbose"},"body":"{\n  \"__metadata\": {\"type\": \"SP.List\"},\n  \"AllowContentTypes\": true,\n  \"BaseTemplate\": 100,\n \"Description\": \"This list stores the desk info\",\n \"Title\": \"Desks\"\n}"},"path":"/datasets/@{encodeURIComponent(encodeURIComponent(variables('varSitePrefix')))}/httprequest","authentication":{"type":"Raw","value":"@json(decodeBase64(triggerOutputs().headers['X-MS-APIM-Tokens']))['$ConnectionKey']"}},"description":"This creates the list to hold the requests.  DO NOT CHANGE ANYTHING HERE!  It will cause pieces of the Power App to break"},"Create_ReservationsList":{"runAfter":{"Add_created_fields_to_the_default_view":["Succeeded"]},"metadata":{"flowSystemMetadata":{"swaggerOperationId":"HttpRequest"}},"type":"ApiConnection","inputs":{"host":{"connection":{"name":"@json(decodeBase64(triggerOutputs().headers['X-MS-APIM-Tokens']))['$connections']['shared_sharepointonline']['connectionId']"},"api":{"runtimeUrl":"https://flow-apim-europe-001-francecentral-01.azure-apim.net/apim/sharepointonline"}},"method":"post","body":{"method":"POST","uri":"/_api/web/lists","headers":{"Accept":"application/json;odata=verbose","Content-Type":"application/json;odata=verbose"},"body":"{\n  \"__metadata\": {\"type\": \"SP.List\"},\n  \"AllowContentTypes\": true,\n  \"BaseTemplate\": 100,\n \"Description\": \"This list stores the desk reservations\",\n \"Title\": \"Desk Reservations\"\n}"},"path":"/datasets/@{encodeURIComponent(encodeURIComponent(variables('varSitePrefix')))}/httprequest","authentication":{"type":"Raw","value":"@json(decodeBase64(triggerOutputs().headers['X-MS-APIM-Tokens']))['$ConnectionKey']"}},"description":"This creates the list to hold the requests.  DO NOT CHANGE ANYTHING HERE!  It will cause pieces of the Power App to break"},"Initialize_array_to_add_above_fields_in_the_default_view_2":{"runAfter":{"Reserved_By":["Succeeded"]},"type":"InitializeVariable","inputs":{"variables":[{"name":"ReservationsFieldNames","type":"array","value":["DeskText","ReservedBy","CheckOutFrom","CheckOutTo"]}]}},"Add_created_fields_to_the_default_view_2":{"foreach":"@variables('ReservationsFieldNames')","actions":{"Add_a_field_to_the_default_view_2":{"runAfter":{},"metadata":{"flowSystemMetadata":{"swaggerOperationId":"HttpRequest"}},"type":"ApiConnection","inputs":{"host":{"connection":{"name":"@json(decodeBase64(triggerOutputs().headers['X-MS-APIM-Tokens']))['$connections']['shared_sharepointonline']['connectionId']"},"api":{"runtimeUrl":"https://flow-apim-europe-001-francecentral-01.azure-apim.net/apim/sharepointonline"}},"method":"post","body":{"method":"POST","uri":"_api/web/Lists/getByTitle('Desk Reservations')/views/GetByTitle('All%20Items')/ViewFields/AddViewField('@{items('Add_created_fields_to_the_default_view_2')}')"},"path":"/datasets/@{encodeURIComponent(encodeURIComponent(variables('varSitePrefix')))}/httprequest","authentication":{"type":"Raw","value":"@json(decodeBase64(triggerOutputs().headers['X-MS-APIM-Tokens']))['$ConnectionKey']"}}}},"runAfter":{"Initialize_array_to_add_above_fields_in_the_default_view_2":["Succeeded"]},"type":"Foreach"},"Active":{"runAfter":{"Create_Desks_List":["Succeeded"]},"metadata":{"flowSystemMetadata":{"swaggerOperationId":"HttpRequest"}},"type":"ApiConnection","inputs":{"host":{"connection":{"name":"@json(decodeBase64(triggerOutputs().headers['X-MS-APIM-Tokens']))['$connections']['shared_sharepointonline']['connectionId']"},"api":{"runtimeUrl":"https://flow-apim-europe-001-francecentral-01.azure-apim.net/apim/sharepointonline"}},"method":"post","body":{"method":"POST","uri":"_api/lists/getbytitle('Desks')/fields","headers":{"Accept":"application/json;odata=verbose","Content-Type":"application/json;odata=verbose"},"body":"{\n    '__metadata': {'type':'SP.Field', 'addToDefaultView': 'true' },\n    'FieldTypeKind': 9,\n    'Title': 'Active'\n}"},"path":"/datasets/@{encodeURIComponent(encodeURIComponent(variables('varSitePrefix')))}/httprequest","authentication":{"type":"Raw","value":"@json(decodeBase64(triggerOutputs().headers['X-MS-APIM-Tokens']))['$ConnectionKey']"}}},"Description":{"runAfter":{"Active":["Succeeded"]},"metadata":{"flowSystemMetadata":{"swaggerOperationId":"HttpRequest"}},"type":"ApiConnection","inputs":{"host":{"connection":{"name":"@json(decodeBase64(triggerOutputs().headers['X-MS-APIM-Tokens']))['$connections']['shared_sharepointonline']['connectionId']"},"api":{"runtimeUrl":"https://flow-apim-europe-001-francecentral-01.azure-apim.net/apim/sharepointonline"}},"method":"post","body":{"method":"POST","uri":"_api/lists/getbytitle('Desks')/fields","headers":{"Accept":"application/json;odata=verbose","Content-Type":"application/json;odata=verbose"},"body":"{\n    '__metadata': {'type':'SP.Field', 'addToDefaultView': 'true' },\n    'FieldTypeKind': 3,\n    'Title': 'Description'\n}"},"path":"/datasets/@{encodeURIComponent(encodeURIComponent(variables('varSitePrefix')))}/httprequest","authentication":{"type":"Raw","value":"@json(decodeBase64(triggerOutputs().headers['X-MS-APIM-Tokens']))['$ConnectionKey']"}}},"DeskText":{"runAfter":{"Create_ReservationsList":["Succeeded"]},"metadata":{"flowSystemMetadata":{"swaggerOperationId":"HttpRequest"}},"type":"ApiConnection","inputs":{"host":{"connection":{"name":"@json(decodeBase64(triggerOutputs().headers['X-MS-APIM-Tokens']))['$connections']['shared_sharepointonline']['connectionId']"},"api":{"runtimeUrl":"https://flow-apim-europe-001-francecentral-01.azure-apim.net/apim/sharepointonline"}},"method":"post","body":{"method":"POST","uri":"_api/lists/getbytitle('Desk Reservations')/fields","headers":{"Accept":"application/json;odata=verbose","Content-Type":"application/json;odata=verbose"},"body":"{\n    '__metadata': {'type':'SP.Field', 'addToDefaultView': 'true' },\n    'FieldTypeKind': 2,\n    'Title': 'DeskText'\n}"},"path":"/datasets/@{encodeURIComponent(encodeURIComponent(variables('varSitePrefix')))}/httprequest","authentication":{"type":"Raw","value":"@json(decodeBase64(triggerOutputs().headers['X-MS-APIM-Tokens']))['$ConnectionKey']"}}},"Check_Out_From":{"runAfter":{"DeskText":["Succeeded"]},"metadata":{"flowSystemMetadata":{"swaggerOperationId":"HttpRequest"}},"type":"ApiConnection","inputs":{"host":{"connection":{"name":"@json(decodeBase64(triggerOutputs().headers['X-MS-APIM-Tokens']))['$connections']['shared_sharepointonline']['connectionId']"},"api":{"runtimeUrl":"https://flow-apim-europe-001-francecentral-01.azure-apim.net/apim/sharepointonline"}},"method":"post","body":{"method":"POST","uri":"_api/lists/getbytitle('Desk Reservations')/fields","headers":{"Accept":"application/json;odata=verbose","Content-Type":"application/json;odata=verbose"},"body":"{\n    '__metadata': {'type':'SP.Field', 'addToDefaultView': 'true' },\n    'FieldTypeKind': 4,\n    'Title': 'CheckOutFrom'\n}"},"path":"/datasets/@{encodeURIComponent(encodeURIComponent(variables('varSitePrefix')))}/httprequest","authentication":{"type":"Raw","value":"@json(decodeBase64(triggerOutputs().headers['X-MS-APIM-Tokens']))['$ConnectionKey']"}}},"Check_Out_To":{"runAfter":{"Check_Out_From":["Succeeded"]},"metadata":{"flowSystemMetadata":{"swaggerOperationId":"HttpRequest"}},"type":"ApiConnection","inputs":{"host":{"connection":{"name":"@json(decodeBase64(triggerOutputs().headers['X-MS-APIM-Tokens']))['$connections']['shared_sharepointonline']['connectionId']"},"api":{"runtimeUrl":"https://flow-apim-europe-001-francecentral-01.azure-apim.net/apim/sharepointonline"}},"method":"post","body":{"method":"POST","uri":"_api/lists/getbytitle('Desk Reservations')/fields","headers":{"Accept":"application/json;odata=verbose","Content-Type":"application/json;odata=verbose"},"body":"{\n    '__metadata': {'type':'SP.Field', 'addToDefaultView': 'true' },\n    'FieldTypeKind': 4,\n    'Title': 'CheckOutTo'\n}"},"path":"/datasets/@{encodeURIComponent(encodeURIComponent(variables('varSitePrefix')))}/httprequest","authentication":{"type":"Raw","value":"@json(decodeBase64(triggerOutputs().headers['X-MS-APIM-Tokens']))['$ConnectionKey']"}}},"Reserved_By":{"runAfter":{"Check_Out_To":["Succeeded"]},"metadata":{"flowSystemMetadata":{"swaggerOperationId":"HttpRequest"}},"type":"ApiConnection","inputs":{"host":{"connection":{"name":"@json(decodeBase64(triggerOutputs().headers['X-MS-APIM-Tokens']))['$connections']['shared_sharepointonline']['connectionId']"},"api":{"runtimeUrl":"https://flow-apim-europe-001-francecentral-01.azure-apim.net/apim/sharepointonline"}},"method":"post","body":{"method":"POST","uri":"_api/lists/getbytitle('Desk Reservations')/fields","headers":{"Accept":"application/json;odata=verbose","Content-Type":"application/json;odata=verbose"},"body":"{\n    '__metadata': {'type':'SP.Field', 'addToDefaultView': 'true' },\n    'FieldTypeKind': 20,\n    'Title': 'ReservedBy'\n}"},"path":"/datasets/@{encodeURIComponent(encodeURIComponent(variables('varSitePrefix')))}/httprequest","authentication":{"type":"Raw","value":"@json(decodeBase64(triggerOutputs().headers['X-MS-APIM-Tokens']))['$ConnectionKey']"}}},"MapLink":{"runAfter":{"Description":["Succeeded"]},"metadata":{"flowSystemMetadata":{"swaggerOperationId":"HttpRequest"}},"type":"ApiConnection","inputs":{"host":{"connection":{"name":"@json(decodeBase64(triggerOutputs().headers['X-MS-APIM-Tokens']))['$connections']['shared_sharepointonline']['connectionId']"},"api":{"runtimeUrl":"https://flow-apim-europe-001-francecentral-01.azure-apim.net/apim/sharepointonline"}},"method":"post","body":{"method":"POST","uri":"_api/lists/getbytitle('Desks')/fields","headers":{"Accept":"application/json;odata=verbose","Content-Type":"application/json;odata=verbose"},"body":"{\n    '__metadata': {'type':'SP.FieldUrl', 'addToDefaultView': 'true' },\n    'FieldTypeKind': 11,\n    'Title': 'MapLinkl',\n    'DisplayFormat': 0\n}"},"path":"/datasets/@{encodeURIComponent(encodeURIComponent(variables('varSitePrefix')))}/httprequest","authentication":{"type":"Raw","value":"@json(decodeBase64(triggerOutputs().headers['X-MS-APIM-Tokens']))['$ConnectionKey']"}}}}},"connectionReferences":{"shared_sharepointonline":{"connectionName":"shared-sharepointonl-a524caca-bd35-45f0-ad8d-4f68b7e54815","source":"Invoker","id":"/providers/Microsoft.PowerApps/apis/shared_sharepointonline","tier":"NotSpecified"}},"flowFailureAlertSubscribed":false}}