{"schemaVersion":"1.0","appDefinitionTemplate":{"id":"/providers/Microsoft.PowerApps/apps/","type":"Microsoft.PowerApps/apps","tags":{"minimumRequiredApiVersion":"2.2.0"},"properties":{"appVersion":"2019-08-27T04:04:44Z","lifeCycleId":"Published","createdByClientVersion":{"major":3,"minor":19082,"build":20,"revision":0,"majorRevision":0,"minorRevision":0},"minClientVersion":{"major":3,"minor":19082,"build":20,"revision":0,"majorRevision":0,"minorRevision":0},"backgroundColor":"rgba(0, 176, 240, 1)","backgroundImageUri":"/12067658668603178515/N7b82e96e-1145-40f4-9884-3d54e10e9ba3-logoSmallFile","displayName":"ElegantBizApps","description":"","appUris":{"documentUri":{"value":"/12067658668603178515/N494ff974-d168-4159-bdaa-0c27beeb2009-document.msapp","readonlyValue":"/12067658668603178515/N494ff974-d168-4159-bdaa-0c27beeb2009-document.msapp"},"imageUris":[]},"createdTime":"0001-01-01T00:00:00Z","lastModifiedTime":"0001-01-01T00:00:00Z","sharedGroupsCount":0,"sharedUsersCount":0,"icons":{"smallIconUri":"/12067658668603178515/N1eed570f-c335-4f8e-90fb-4048863f639f-small.png","mediumIconUri":"/12067658668603178515/Na73e2fe4-ea51-4f2e-a16b-a4bde0af71e9-medium.png","largeIconUri":"/12067658668603178515/Nc50703e1-a4c9-4591-bbf6-1f315c7c1d86-large.png","wideIconUri":"/12067658668603178515/Nc035cf3d-37ba-42a6-aa5a-2ee5d877d763-wide.png"},"connectionReferences":{"c5101b31-42f1-4360-862b-ebf25594b85f":{"id":"52e9e57d-a1a3-4b21-abe1-dc8ad94e776f","displayName":"Logic flows","iconUri":"https://resourcestackdeploy.blob.core.windows.net/scripts/13276078.png","dataSources":["ContestWinner"],"dependencies":["735291b0-b986-4091-bb2e-e7b75c30734b"],"dependents":[],"parameterHints":{"workflowName":{"value":"21575911-5336-43f9-8d52-e442a3f74bd8"},"735291b0-b986-4091-bb2e-e7b75c30734b":{"value":"shared_sharepointonline"}},"isOnPremiseConnection":false,"bypassConsent":false,"dataSets":{},"apiTier":"Standard","isCustomApiConnection":false},"735291b0-b986-4091-bb2e-e7b75c30734b":{"id":"c9433507-e0a9-4ec3-9840-1dffe871d960","displayName":"SharePoint","iconUri":"https://connectoricons-prod.azureedge.net/sharepointonline/icon_1.0.1234.1648.png","dataSources":[],"dependencies":[],"dependents":["c5101b31-42f1-4360-862b-ebf25594b85f"],"parameterHints":{},"isOnPremiseConnection":false,"bypassConsent":false,"dataSets":{},"apiTier":"Standard","isCustomApiConnection":false}},"databaseReferences":{},"almMode":"Environment"}}}