{"name":"cf8ee3aa-1fff-4a0b-952d-e1a75f159f60","id":"/providers/Microsoft.Flow/flows/cf8ee3aa-1fff-4a0b-952d-e1a75f159f60","type":"Microsoft.Flow/flows","properties":{"apiId":"/providers/Microsoft.PowerApps/apis/shared_logicflows","displayName":"Contest Winner","definition":{"metadata":{"workflowEntityId":null,"creator":{"id":"902d4e3c-1184-4f3f-bae7-7fae94b33419","type":"User","tenantId":"1bfe8a0b-4429-450d-90d0-0ad3fe8c5a18"},"provisioningMethod":"FromDefinition","failureAlertSubscription":true,"clientLastModifiedTime":"2019-06-09T05:52:36.7533236Z"},"$schema":"https://schema.management.azure.com/providers/Microsoft.Logic/schemas/2016-06-01/workflowdefinition.json#","contentVersion":"1.0.0.0","parameters":{"$connections":{"defaultValue":{},"type":"Object"},"$authentication":{"defaultValue":{},"type":"SecureObject"}},"triggers":{"manual":{"type":"Request","kind":"PowerApp","inputs":{"schema":{"type":"object","required":[],"properties":{}}}}},"actions":{"WinnerVariable":{"runAfter":{},"type":"InitializeVariable","inputs":{"variables":[{"name":"Winner","type":"String"}]}},"GetEntries":{"runAfter":{"WinnerVariable":["Succeeded"]},"metadata":{"flowSystemMetadata":{"swaggerOperationId":"GetItems"}},"type":"ApiConnection","inputs":{"host":{"connection":{"name":"@json(decodeBase64(triggerOutputs().headers['X-MS-APIM-Tokens']))['$connections']['shared_sharepointonline']['connectionId']"},"api":{"runtimeUrl":"https://flow-apim-msmanaged-na-northcentralus-01.azure-apim.net/apim/sharepointonline"}},"method":"get","path":"/datasets/@{encodeURIComponent(encodeURIComponent('https://activeinetservices.sharepoint.com/sites/PowerAppsDemos'))}/tables/@{encodeURIComponent(encodeURIComponent('651bc31d-3c15-412e-bb51-7552e285602e'))}/items","queries":{"$filter":"WinnerOrLooser ne 'Winner' and Event eq 'SPS Nashville'"},"authentication":{"type":"Raw","value":"@json(decodeBase64(triggerOutputs().headers['X-MS-APIM-Tokens']))['$ConnectionKey']"}}},"GetRandom":{"runAfter":{"GetEntries":["Succeeded"]},"type":"Compose","inputs":"@body('GetEntries')?['value'][rand(0,length(body('GetEntries')?['value']))]"},"Set_variable":{"runAfter":{"GetRandom":["Succeeded"]},"type":"SetVariable","inputs":{"name":"Winner","value":"@{outputs('GetRandom')?['Title']}"}},"Update_item":{"runAfter":{"Set_variable":["Succeeded"]},"metadata":{"flowSystemMetadata":{"swaggerOperationId":"PatchItem"}},"type":"ApiConnection","inputs":{"host":{"connection":{"name":"@json(decodeBase64(triggerOutputs().headers['X-MS-APIM-Tokens']))['$connections']['shared_sharepointonline']['connectionId']"},"api":{"runtimeUrl":"https://flow-apim-msmanaged-na-northcentralus-01.azure-apim.net/apim/sharepointonline"}},"method":"patch","body":{"Title":"@variables('Winner')","WinnerOrLooser":"Winner"},"path":"/datasets/@{encodeURIComponent(encodeURIComponent('https://activeinetservices.sharepoint.com/sites/PowerAppsDemos'))}/tables/@{encodeURIComponent(encodeURIComponent('651bc31d-3c15-412e-bb51-7552e285602e'))}/items/@{encodeURIComponent(outputs('GetRandom')?['ID'])}","authentication":{"type":"Raw","value":"@json(decodeBase64(triggerOutputs().headers['X-MS-APIM-Tokens']))['$ConnectionKey']"}}},"Respond_to_PowerApps":{"runAfter":{"Update_item":["Succeeded"]},"type":"Response","kind":"PowerApp","inputs":{"statusCode":200,"body":{"winner":"@variables('Winner')"},"schema":{"type":"object","properties":{"winner":{"title":"Winner","type":"string","x-ms-dynamically-added":true}}}}}},"outputs":{}},"connectionReferences":{"shared_sharepointonline":{"connectionName":"7a5f29a6c4e81f9b3af9e6f0fdddf9f1","source":"Invoker","id":"/providers/Microsoft.PowerApps/apis/shared_sharepointonline","tier":"NotSpecified"}},"flowFailureAlertSubscribed":false}}